<beans xmlns = "http://www.springframework.org/schema/beans"
   xmlns:context="http://www.springframework.org/schema/context"
   xmlns:mvc="http://www.springframework.org/schema/mvc"
   xmlns:xsi = "http://www.w3.org/2001/XMLSchema-instance"
   xsi:schemaLocation = "
   http://www.springframework.org/schema/beans
   http://www.springframework.org/schema/beans/spring-beans.xsd
   http://www.springframework.org/schema/context
   http://www.springframework.org/schema/context/spring-context.xsd
   http://www.springframework.org/schema/mvc
   http://www.springframework.org/schema/mvc/spring-mvc.xsd
   ">
   
   <context:component-scan base-package="net.kzn.onlineshopping.controller" />
   <context:component-scan base-package="net.kzn.shoppingbackend.daoimpl" />
   
   
   <bean id="viewResolver"
   		class="org.springframework.web.servlet.view.InternalResourceViewResolver">
   
   		<property name="prefix" value="/WEB-INF/views/" />
   		<property name="suffix" value=".jsp" />
   		
   </bean>
   
   <!-- Loading Static Resources -->
   <!-- for calling beans mvc on top -->
   
   <mvc:annotation-driven />
   
   <mvc:resources location="/assets/" mapping="/resources/**" />
   
   
   
</beans>